<?xml version="1.0" encoding="UTF-8"?>
<configuration scan="true" scanPeriod="30 seconds">
	<contextListener
		class="ch.qos.logback.classic.jul.LevelChangePropagator">
		<resetJUL>true</resetJUL>
	</contextListener>

	<jmxConfigurator />

	<appender name="rollingFileAppender"
		class="ch.qos.logback.core.rolling.RollingFileAppender">
		<rollingPolicy
			class="ch.qos.logback.core.rolling.TimeBasedRollingPolicy">
			<FileNamePattern>/usr/local/authServiceLogs/authService-%d{yyyy-MM-dd}.%i.log
			</FileNamePattern>
			<MaxHistory>100</MaxHistory>
			<timeBasedFileNamingAndTriggeringPolicy
				class="ch.qos.logback.core.rolling.SizeAndTimeBasedFNATP">
				<maxFileSize>10000KB</maxFileSize>
			</timeBasedFileNamingAndTriggeringPolicy>
		</rollingPolicy>
		<encoder>
			<pattern>%d %-5level [%thread] %logger{0}: %msg%n</pattern>
		</encoder>
	</appender>

	<appender name="console"
		class="ch.qos.logback.core.ConsoleAppender">
		<encoder>
			<pattern>%-5level %logger{0} - %msg%n</pattern>
		</encoder>
	</appender>

	<root level="info">
		<appender-ref ref="console" />
		<appender-ref ref="rollingFileAppender" />
	</root>
	<logger name="org.springframework.security.saml" level="TRACE" />
</configuration>
